﻿<root>
	<modules>
	    <module name="RadEditorStatistics" dockingZone="Bottom" enabled="true" visible="true" dockable="true" />
	 </modules>
	<tools name="MainToolbar" dockable="true" enabled="true">
	<tool name="FindAndReplace" />
		<tool separator="true"/>
		<tool name="Undo" />
		<tool name="Redo" />
		<tool separator="true"/>
		<tool name="Cut" />
		<tool name="Copy" />
		<tool name="Paste" shortcut="CTRL+!"/>
	</tools>

	<tools name="Formatting" enabled="true" dockable="true">
		<tool name="Bold" />
		<tool name="Italic" />
		<tool name="Underline" />
		<tool separator="true"/>
		<tool name="ForeColor" />
		<tool separator="true"/>
		<tool name="FontName"/>
		<tool name="RealFontSize"/>
		<tool name="JustifyLeft" />
		<tool name="JustifyCenter" />
		<tool name="JustifyRight" />
		<tool name="JustifyFull" />
		<tool name="JustifyNone" />
		<tool name="InsertOrderedList" />
		<tool name="InsertUnorderedList"/>
		<tool name="AjaxSpellCheck"/>
    <tool name="Indent" />
    <tool name="Outdent" />
	</tools>
</root>
