{
  "IcoMoonType": "selection",
  "icons": [
    {
      "icon": {
        "paths": [
          "M514.035 716.729l-24.065 24.207-216.903-215.636 216.833-218.1 24.206 24.065-192.767 193.894z",
          "M684.702 716.729l-24.065 24.207-216.903-215.636 216.833-218.1 24.206 24.065-192.767 193.894z"
        ],
        "attrs": [
          {},
          {}
        ],
        "isMulticolor": false,
        "isMulticolor2": false,
        "grid": 0,
        "tags": [
          "left first"
        ]
      },
      "attrs": [
        {},
        {}
      ],
      "properties": {
        "order": 43,
        "id": 12,
        "name": "left-first",
        "prevSize": 28,
        "code": 59657
      },
      "setIdx": 0,
      "setId": 0,
      "iconIdx": 0
    },
    {
      "icon": {
        "paths": [
          "M307.271 716.729l24.065 24.207 216.903-215.636-216.833-218.1-24.206 24.065 192.767 193.894z",
          "M477.937 716.729l24.065 24.207 216.903-215.636-216.833-218.1-24.206 24.065 192.767 193.894z"
        ],
        "attrs": [
          {},
          {}
        ],
        "isMulticolor": false,
        "isMulticolor2": false,
        "grid": 0,
        "tags": [
          "right last"
        ]
      },
      "attrs": [
        {},
        {}
      ],
      "properties": {
        "order": 42,
        "id": 13,
        "name": "right-last",
        "prevSize": 28,
        "code": 59658
      },
      "setIdx": 0,
      "setId": 0,
      "iconIdx": 1
    },
    {
      "icon": {
        "paths": [
          "M512 307.2h34.133v435.883h-34.133v-435.883z"
        ],
        "attrs": [
          {
            "fill": "rgb(216, 218, 218)"
          }
        ],
        "isMulticolor": false,
        "isMulticolor2": false,
        "grid": 0,
        "tags": [
          "separator"
        ]
      },
      "attrs": [
        {
          "fill": "rgb(216, 218, 218)"
        }
      ],
      "properties": {
        "order": 41,
        "id": 14,
        "name": "separator-vertical",
        "prevSize": 28,
        "code": 59659
      },
      "setIdx": 0,
      "setId": 0,
      "iconIdx": 2
    },
    {
      "icon": {
        "paths": [
          "M512 785.067c150.811 0 273.067-122.256 273.067-273.067s-122.256-273.067-273.067-273.067c-150.811 0-273.067 122.256-273.067 273.067s122.256 273.067 273.067 273.067zM512 819.2c-169.662 0-307.2-137.538-307.2-307.2s137.538-307.2 307.2-307.2c169.662 0 307.2 137.538 307.2 307.2s-137.538 307.2-307.2 307.2z"
        ],
        "attrs": [
          {}
        ],
        "isMulticolor": false,
        "isMulticolor2": false,
        "grid": 0,
        "tags": [
          "default"
        ]
      },
      "attrs": [
        {}
      ],
      "properties": {
        "order": 32,
        "id": 8,
        "name": "circle-line",
        "prevSize": 28,
        "code": 59648
      },
      "setIdx": 0,
      "setId": 0,
      "iconIdx": 3
    },
    {
      "icon": {
        "paths": [
          "M512 785.067c150.811 0 273.067-122.256 273.067-273.067s-122.256-273.067-273.067-273.067c-150.811 0-273.067 122.256-273.067 273.067s122.256 273.067 273.067 273.067zM512 819.2c-169.662 0-307.2-137.538-307.2-307.2s137.538-307.2 307.2-307.2c169.662 0 307.2 137.538 307.2 307.2s-137.538 307.2-307.2 307.2z",
          "M648.533 512c0 75.405-61.128 136.533-136.533 136.533s-136.533-61.128-136.533-136.533c0-75.405 61.128-136.533 136.533-136.533s136.533 61.128 136.533 136.533z"
        ],
        "attrs": [
          {},
          {}
        ],
        "isMulticolor": false,
        "isMulticolor2": false,
        "grid": 0,
        "tags": [
          "selected"
        ]
      },
      "attrs": [
        {},
        {}
      ],
      "properties": {
        "order": 33,
        "id": 7,
        "name": "circle-dot",
        "prevSize": 28,
        "code": 59649
      },
      "setIdx": 0,
      "setId": 0,
      "iconIdx": 4
    },
    {
      "icon": {
        "paths": [
          "M297.203 755.785l-24.136-24.136 458.582-458.582 24.136 24.136-458.582 458.582z",
          "M731.649 755.785l-458.582-458.582 24.136-24.136 458.582 458.582-24.136 24.136z"
        ],
        "attrs": [
          {},
          {}
        ],
        "isMulticolor": false,
        "isMulticolor2": false,
        "grid": 0,
        "tags": [
          "close 1"
        ]
      },
      "attrs": [
        {},
        {}
      ],
      "properties": {
        "order": 34,
        "id": 6,
        "name": "close",
        "prevSize": 28,
        "code": 59650
      },
      "setIdx": 0,
      "setId": 0,
      "iconIdx": 5
    },
    {
      "icon": {
        "paths": [
          "M238.933 238.933v546.133h546.133v-546.133h-546.133zM204.8 204.8h614.4v614.4h-614.4v-614.4z"
        ],
        "attrs": [
          {}
        ],
        "isMulticolor": false,
        "isMulticolor2": false,
        "grid": 0,
        "tags": [
          "default"
        ]
      },
      "attrs": [
        {}
      ],
      "properties": {
        "order": 35,
        "id": 5,
        "name": "square-line",
        "prevSize": 28,
        "code": 59651
      },
      "setIdx": 0,
      "setId": 0,
      "iconIdx": 6
    },
    {
      "icon": {
        "paths": [
          "M238.933 238.933v546.133h546.133v-546.133h-546.133zM204.8 204.8h614.4v614.4h-614.4v-614.4z",
          "M365.469 484.576l-24.136 24.136 134.233 134.233 233.567-243.869-24.651-23.61-209.443 218.681z"
        ],
        "attrs": [
          {},
          {}
        ],
        "isMulticolor": false,
        "isMulticolor2": false,
        "grid": 0,
        "tags": [
          "selected"
        ]
      },
      "attrs": [
        {},
        {}
      ],
      "properties": {
        "order": 36,
        "id": 4,
        "name": "square-check",
        "prevSize": 28,
        "code": 59652
      },
      "setIdx": 0,
      "setId": 0,
      "iconIdx": 7
    },
    {
      "icon": {
        "paths": [
          "M303.325 403.619l-24.207 24.065 215.636 216.903 218.1-216.833-24.065-24.206-193.894 192.767z"
        ],
        "attrs": [
          {}
        ],
        "isMulticolor": false,
        "isMulticolor2": false,
        "grid": 0,
        "tags": [
          "down"
        ]
      },
      "attrs": [
        {}
      ],
      "properties": {
        "order": 37,
        "id": 3,
        "name": "arrow-down",
        "prevSize": 28,
        "code": 59653
      },
      "setIdx": 0,
      "setId": 0,
      "iconIdx": 8
    },
    {
      "icon": {
        "paths": [
          "M616.435 716.729l-24.065 24.207-216.903-215.636 216.833-218.1 24.206 24.065-192.767 193.894z"
        ],
        "attrs": [
          {}
        ],
        "isMulticolor": false,
        "isMulticolor2": false,
        "grid": 0,
        "tags": [
          "left"
        ]
      },
      "attrs": [
        {}
      ],
      "properties": {
        "order": 38,
        "id": 2,
        "name": "arrow-left",
        "prevSize": 28,
        "code": 59654
      },
      "setIdx": 0,
      "setId": 0,
      "iconIdx": 9
    },
    {
      "icon": {
        "paths": [
          "M375.537 716.729l24.065 24.207 216.903-215.636-216.833-218.1-24.206 24.065 192.767 193.894z"
        ],
        "attrs": [
          {}
        ],
        "isMulticolor": false,
        "isMulticolor2": false,
        "grid": 0,
        "tags": [
          "right"
        ]
      },
      "attrs": [
        {}
      ],
      "properties": {
        "order": 39,
        "id": 1,
        "name": "arrow-right",
        "prevSize": 28,
        "code": 59655
      },
      "setIdx": 0,
      "setId": 0,
      "iconIdx": 10
    },
    {
      "icon": {
        "paths": [
          "M303.325 644.517l-24.207-24.065 215.636-216.903 218.1 216.833-24.065 24.206-193.894-192.767z"
        ],
        "attrs": [
          {}
        ],
        "isMulticolor": false,
        "isMulticolor2": false,
        "grid": 0,
        "tags": [
          "up"
        ]
      },
      "attrs": [
        {}
      ],
      "properties": {
        "order": 40,
        "id": 0,
        "name": "arrow-up",
        "prevSize": 28,
        "code": 59656
      },
      "setIdx": 0,
      "setId": 0,
      "iconIdx": 11
    }
  ],
  "height": 1024,
  "metadata": {
    "name": "icomoon"
  },
  "preferences": {
    "showGlyphs": true,
    "showQuickUse": true,
    "showQuickUse2": true,
    "showSVGs": true,
    "fontPref": {
      "prefix": "icon-",
      "metadata": {
        "fontFamily": "icomoon"
      },
      "metrics": {
        "emSize": 1024,
        "baseline": 6.25,
        "whitespace": 50
      },
      "embed": false
    },
    "imagePref": {
      "prefix": "icon-",
      "png": true,
      "useClassSelector": true,
      "color": 0,
      "bgColor": 16777215,
      "classSelector": ".icon"
    },
    "historySize": 100,
    "showCodes": true,
    "gridSize": 16
  }
}